"1","52.58781051635742"
"2","32.052894592285156"
"3","23.652490615844727"
"4","15.132172584533691"
"5","13.365594863891602"
"6","10.70431900024414"
"7","8.655766487121582"
"8","7.95073938369751"
"9","7.221283912658691"
"10","6.378983497619629"
"11","5.03966760635376"
"12","5.404256343841553"
"13","4.268048286437988"
"14","4.732620716094971"
"15","3.937807321548462"
"16","4.201301574707031"
"17","4.169847011566162"
"18","3.4809348583221436"
"19","3.580193281173706"
"20","2.515573740005493"
"21","2.8646738529205322"
"22","2.9938929080963135"
"23","3.4701004028320312"
"24","2.381580114364624"
"25","2.5977160930633545"
"26","2.8002145290374756"
"27","2.705409526824951"
"28","2.58636736869812"
"29","2.1005077362060547"
"30","2.0412847995758057"
"31","1.6437361240386963"
"32","2.1731879711151123"
"33","1.858859896659851"
"34","1.762038230895996"
"35","1.865869164466858"
"36","1.914689540863037"
"37","1.5875403881072998"
"38","1.2907934188842773"
"39","1.517111897468567"
"40","1.7688007354736328"
"41","1.6248457431793213"
"42","1.4637161493301392"
"43","1.5594485998153687"
"44","1.5042437314987183"
"45","1.445741057395935"
"46","1.5534266233444214"
"47","1.314713478088379"
"48","1.46418297290802"
"49","1.1993536949157715"
"50","1.1836557388305664"
"51","1.268494725227356"
"52","1.184838056564331"
"53","1.199851393699646"
"54","1.076220989227295"
"55","1.1996960639953613"
"56","1.214483380317688"
"57","1.1999621391296387"
"58","1.0425773859024048"
"59","0.9532020092010498"
"60","1.1081925630569458"
"61","1.1794519424438477"
"62","1.1680705547332764"
"63","1.0136809349060059"
"64","0.8799468874931335"
"65","0.9071087837219238"
"66","0.8536993861198425"
"67","0.7512964010238647"
"68","1.0487759113311768"
"69","0.8947523236274719"
"70","1.1256649494171143"
"71","0.9065182209014893"
"72","0.7569229602813721"
"73","0.7012938857078552"
"74","0.9136900901794434"
"75","0.8678226470947266"
"76","0.6991347074508667"
"77","0.7335394620895386"
"78","0.8887391686439514"
"79","0.7398714423179626"
"80","0.7176912426948547"
"81","0.6291446089744568"
"82","0.6830035448074341"
"83","0.8225333094596863"
"84","0.6995187401771545"
"85","0.6454100608825684"
"86","0.6202163100242615"
"87","0.6767740845680237"
"88","0.7017199993133545"
"89","0.7598344683647156"
"90","0.6960480809211731"
"91","0.7189675569534302"
"92","0.7583664655685425"
"93","0.6648745536804199"
"94","0.6178527474403381"
"95","0.6000091433525085"
"96","0.7409771084785461"
"97","0.541786253452301"
"98","0.6715316772460938"
"99","0.6626229882240295"
"100","0.8353453278541565"
"101","0.6301031112670898"
"102","0.6691659688949585"
"103","0.5010951161384583"
"104","0.6635212302207947"
"105","0.5387502908706665"
"106","0.5974082350730896"
"107","0.4766714870929718"
"108","0.6003194451332092"
"109","0.6315932869911194"
"110","0.5245882272720337"
"111","0.4879762828350067"
"112","0.5357648134231567"
"113","0.6358227729797363"
"114","0.6375821828842163"
"115","0.5719567537307739"
"116","0.5363255143165588"
"117","0.46593615412712097"
"118","0.45111581683158875"
"119","0.5073914527893066"
"120","0.5178788900375366"
"121","0.49637383222579956"
"122","0.48248153924942017"
"123","0.5505800843238831"
"124","0.50484699010849"
"125","0.5998718738555908"
"126","0.4749413728713989"
"127","0.5841249227523804"
"128","0.43262308835983276"
"129","0.4527669847011566"
"130","0.4651675224304199"
"131","0.4530511498451233"
"132","0.4347401261329651"
"133","0.47222355008125305"
"134","0.4767473340034485"
"135","0.523516058921814"
"136","0.48257502913475037"
"137","0.4351467192173004"
"138","0.46107393503189087"
"139","0.4737081229686737"
"140","0.45592281222343445"
"141","0.5555502772331238"
"142","0.47114282846450806"
"143","0.4675329923629761"
"144","0.41798388957977295"
"145","0.4300888776779175"
"146","0.45176613330841064"
"147","0.43463489413261414"
"148","0.43845945596694946"
"149","0.4387361705303192"
"150","0.39942818880081177"
"151","0.42588967084884644"
"152","0.41413116455078125"
"153","0.4041796922683716"
"154","0.3687499761581421"
"155","0.3271734118461609"
"156","0.3418534994125366"
"157","0.43874791264533997"
"158","0.42315196990966797"
"159","0.4001478850841522"
"160","0.3619386553764343"
"161","0.38812631368637085"
"162","0.44216465950012207"
"163","0.3698735237121582"
"164","0.4457555115222931"
"165","0.36807575821876526"
"166","0.4259844422340393"
"167","0.38097307085990906"
"168","0.3550730049610138"
"169","0.3998408913612366"
"170","0.37208589911460876"
"171","0.30281683802604675"
"172","0.36097636818885803"
"173","0.3701898753643036"
"174","0.31673234701156616"
"175","0.3070743978023529"
"176","0.351879358291626"
"177","0.340731680393219"
"178","0.37825489044189453"
"179","0.3296623229980469"
"180","0.3267327547073364"
"181","0.3165890872478485"
"182","0.27941474318504333"
"183","0.3275328278541565"
"184","0.2933480143547058"
"185","0.34268617630004883"
"186","0.34873002767562866"
"187","0.35033121705055237"
"188","0.35372698307037354"
"189","0.353008896112442"
"190","0.29987087845802307"
"191","0.3533867299556732"
"192","0.3051033020019531"
"193","0.36617085337638855"
"194","0.36028510332107544"
"195","0.3041081428527832"
"196","0.24962235987186432"
"197","0.3106481432914734"
"198","0.2681156396865845"
"199","0.31666797399520874"
"200","0.2818908393383026"
"201","0.35099878907203674"
"202","0.32010072469711304"
"203","0.3076363205909729"
"204","0.2783049941062927"
"205","0.3200998306274414"
"206","0.34738996624946594"
"207","0.28772270679473877"
"208","0.2915135622024536"
"209","0.3006138503551483"
"210","0.2863292694091797"
"211","0.30033233761787415"
"212","0.33990514278411865"
"213","0.27305448055267334"
"214","0.2830544412136078"
"215","0.23928652703762054"
"216","0.28441980481147766"
"217","0.2769111394882202"
"218","0.3087427318096161"
"219","0.2655434012413025"
"220","0.32444992661476135"
"221","0.29863280057907104"
"222","0.2761118710041046"
"223","0.35435643792152405"
"224","0.27118179202079773"
"225","0.28497323393821716"
"226","0.2913205623626709"
"227","0.27601683139801025"
"228","0.28833329677581787"
"229","0.26381751894950867"
"230","0.2717401683330536"
"231","0.27463170886039734"
"232","0.2831178605556488"
"233","0.277249813079834"
"234","0.2771280109882355"
"235","0.23345591127872467"
"236","0.2775908410549164"
"237","0.26803863048553467"
"238","0.2575126886367798"
"239","0.3297885060310364"
"240","0.2370835393667221"
"241","0.2636233866214752"
"242","0.2550732493400574"
"243","0.32400885224342346"
"244","0.26125699281692505"
"245","0.24429716169834137"
"246","0.21228837966918945"
"247","0.2642723321914673"
"248","0.2522241175174713"
"249","0.23588082194328308"
"250","0.2687331438064575"
"251","0.22340306639671326"
"252","0.21377696096897125"
"253","0.2517915964126587"
"254","0.21765193343162537"
"255","0.23778769373893738"
"256","0.22360287606716156"
"257","0.20561851561069489"
"258","0.2329140454530716"
"259","0.19854037463665009"
"260","0.20951615273952484"
"261","0.22976996004581451"
"262","0.24664804339408875"
"263","0.19662880897521973"
"264","0.24576663970947266"
"265","0.2607894837856293"
"266","0.25563177466392517"
"267","0.23814015090465546"
"268","0.24210520088672638"
"269","0.24633170664310455"
"270","0.23282547295093536"
"271","0.25115907192230225"
"272","0.21500998735427856"
"273","0.18469280004501343"
"274","0.1938636302947998"
"275","0.2043345421552658"
"276","0.2238708883523941"
"277","0.19424694776535034"
"278","0.1631980538368225"
"279","0.20601233839988708"
"280","0.24870069324970245"
"281","0.2114061415195465"
"282","0.2002403736114502"
"283","0.21573762595653534"
"284","0.20348642766475677"
"285","0.2565036118030548"
"286","0.1804218739271164"
"287","0.20790080726146698"
"288","0.21159283816814423"
"289","0.24280855059623718"
"290","0.21361473202705383"
"291","0.1990216076374054"
"292","0.214231938123703"
"293","0.21170133352279663"
"294","0.17757093906402588"
"295","0.20307208597660065"
"296","0.20738369226455688"
"297","0.19909948110580444"
"298","0.1961815059185028"
"299","0.19920434057712555"
"300","0.23166297376155853"
"301","0.18241091072559357"
"302","0.21350839734077454"
"303","0.20209026336669922"
"304","0.22338566184043884"
"305","0.15928544104099274"
"306","0.1865103840827942"
"307","0.22468465566635132"
"308","0.19805754721164703"
"309","0.18858245015144348"
"310","0.21085989475250244"
"311","0.19018319249153137"
"312","0.22966167330741882"
"313","0.22711177170276642"
"314","0.1584932506084442"
"315","0.2536918520927429"
"316","0.19141359627246857"
"317","0.19714145362377167"
"318","0.17697487771511078"
"319","0.16397526860237122"
"320","0.1967523992061615"
"321","0.19072294235229492"
"322","0.17602254450321198"
"323","0.18027199804782867"
"324","0.19074690341949463"
"325","0.16473419964313507"
"326","0.17208309471607208"
"327","0.1978810429573059"
"328","0.19761262834072113"
"329","0.17004495859146118"
"330","0.17730772495269775"
"331","0.15783561766147614"
"332","0.18810920417308807"
"333","0.202943816781044"
"334","0.18349595367908478"
"335","0.17655886709690094"
"336","0.1800757497549057"
"337","0.19058632850646973"
"338","0.1592136174440384"
"339","0.1848674714565277"
"340","0.17960891127586365"
"341","0.15894711017608643"
"342","0.21083307266235352"
"343","0.14890339970588684"
"344","0.16742591559886932"
"345","0.15719208121299744"
"346","0.1850966066122055"
"347","0.19467994570732117"
"348","0.1733953207731247"
"349","0.19037123024463654"
"350","0.17682242393493652"
"351","0.16456221044063568"
"352","0.18109172582626343"
"353","0.17708836495876312"
"354","0.15869566798210144"
"355","0.1704154759645462"
"356","0.1823580265045166"
"357","0.15073423087596893"
"358","0.12678982317447662"
"359","0.1628362238407135"
"360","0.16358624398708344"
"361","0.17903143167495728"
"362","0.16517893970012665"
"363","0.15421870350837708"
"364","0.16955426335334778"
"365","0.1692352443933487"
"366","0.15651996433734894"
"367","0.16642746329307556"
"368","0.17950795590877533"
"369","0.1790858805179596"
"370","0.18827906250953674"
"371","0.15671803057193756"
"372","0.16617053747177124"
"373","0.14296309649944305"
"374","0.15199385583400726"
"375","0.17084896564483643"
"376","0.16303473711013794"
"377","0.16400305926799774"
"378","0.1319236159324646"
"379","0.13956710696220398"
"380","0.18186020851135254"
"381","0.19298173487186432"
"382","0.13143207132816315"
"383","0.18884935975074768"
"384","0.13987673819065094"
"385","0.15895089507102966"
"386","0.17513960599899292"
"387","0.1613221913576126"
"388","0.16042174398899078"
"389","0.15080520510673523"
"390","0.13505178689956665"
"391","0.173461452126503"
"392","0.14791935682296753"
"393","0.15667016804218292"
"394","0.14928752183914185"
"395","0.1326633244752884"
"396","0.1635258048772812"
"397","0.15001806616783142"
"398","0.17028173804283142"
"399","0.140280082821846"
"400","0.14374063909053802"
"401","0.15992237627506256"
"402","0.1412162333726883"
"403","0.1400490552186966"
"404","0.12397263199090958"
"405","0.15458795428276062"
"406","0.16538043320178986"
"407","0.14551910758018494"
"408","0.15640917420387268"
"409","0.1694570630788803"
"410","0.15546157956123352"
"411","0.14123709499835968"
"412","0.16902616620063782"
"413","0.14033371210098267"
"414","0.1504300832748413"
"415","0.1494206339120865"
"416","0.15291942656040192"
"417","0.1554437130689621"
"418","0.1365179419517517"
"419","0.13064484298229218"
"420","0.15098942816257477"
"421","0.17383265495300293"
"422","0.148692786693573"
"423","0.15175114572048187"
"424","0.13452957570552826"
"425","0.17708629369735718"
"426","0.12896718084812164"
"427","0.15448887646198273"
"428","0.16486555337905884"
"429","0.13467322289943695"
"430","0.1407662332057953"
"431","0.15093760192394257"
"432","0.15584608912467957"
"433","0.1519249975681305"
"434","0.15733912587165833"
"435","0.16094982624053955"
"436","0.1435774713754654"
"437","0.13955506682395935"
"438","0.12911365926265717"
"439","0.1486137956380844"
"440","0.1563878208398819"
"441","0.1392863243818283"
"442","0.14103923738002777"
"443","0.14238686859607697"
"444","0.14565230906009674"
"445","0.13723807036876678"
"446","0.17599542438983917"
"447","0.13771294057369232"
"448","0.14102448523044586"
"449","0.11775412410497665"
"450","0.13793160021305084"
"451","0.16029849648475647"
"452","0.1325310617685318"
"453","0.13888560235500336"
"454","0.1475374847650528"
"455","0.12953603267669678"
"456","0.1288381814956665"
"457","0.12465094029903412"
"458","0.12448571622371674"
"459","0.12020692974328995"
"460","0.14806418120861053"
"461","0.09677094966173172"
"462","0.1367422342300415"
"463","0.12227271497249603"
"464","0.12494229525327682"
"465","0.12040804326534271"
"466","0.14633363485336304"
"467","0.12468855082988739"
"468","0.13742800056934357"
"469","0.1376953423023224"
"470","0.12397314608097076"
"471","0.12960077822208405"
"472","0.12799707055091858"
"473","0.1146358922123909"
"474","0.136377215385437"
"475","0.12037409842014313"
"476","0.14842286705970764"
"477","0.13448387384414673"
"478","0.12029801309108734"
"479","0.10241673141717911"
"480","0.1216384544968605"
"481","0.12991733849048615"
"482","0.11273187398910522"
"483","0.1423010528087616"
"484","0.13995666801929474"
"485","0.13953723013401031"
"486","0.16355599462985992"
"487","0.10566791892051697"
"488","0.13383236527442932"
"489","0.11497467756271362"
"490","0.13440802693367004"
"491","0.12493029981851578"
"492","0.12290604412555695"
"493","0.1274547427892685"
"494","0.11951037496328354"
"495","0.09848067909479141"
"496","0.1328282207250595"
"497","0.14593586325645447"
"498","0.12506629526615143"
"499","0.12001486122608185"
"500","0.11335662007331848"
"501","0.13085970282554626"
"502","0.12158949673175812"
"503","0.14509902894496918"
"504","0.1266801655292511"
"505","0.1244991347193718"
"506","0.12628892064094543"
"507","0.11183836311101913"
"508","0.12849563360214233"
"509","0.11139704287052155"
"510","0.12835343182086945"
"511","0.10612507909536362"
"512","0.11586093157529831"
"513","0.10942965745925903"
"514","0.12328755110502243"
"515","0.13507536053657532"
"516","0.12011401355266571"
"517","0.1188410148024559"
"518","0.13077780604362488"
"519","0.13892586529254913"
"520","0.11094339936971664"
"521","0.11758918315172195"
"522","0.12014378607273102"
"523","0.1177884116768837"
"524","0.1257251799106598"
"525","0.11786137521266937"
"526","0.1194177195429802"
"527","0.12082865834236145"
"528","0.13157810270786285"
"529","0.11617787182331085"
"530","0.1354825794696808"
"531","0.12080799788236618"
"532","0.12499631196260452"
"533","0.09718707203865051"
"534","0.1042570248246193"
"535","0.12510448694229126"
"536","0.12913446128368378"
"537","0.10727463662624359"
"538","0.11836743354797363"
"539","0.09579087793827057"
"540","0.15416812896728516"
"541","0.12700863182544708"
"542","0.12753434479236603"
"543","0.1129230260848999"
"544","0.1320289820432663"
"545","0.09317094832658768"
"546","0.11104662716388702"
"547","0.13111497461795807"
"548","0.09284808486700058"
"549","0.11038964986801147"
"550","0.11388330906629562"
"551","0.09750930219888687"
"552","0.10256082564592361"
"553","0.11287353187799454"
"554","0.09420543909072876"
"555","0.10603222995996475"
"556","0.10794639587402344"
"557","0.12217171490192413"
"558","0.10536738485097885"
"559","0.12861819565296173"
"560","0.10733836144208908"
"561","0.12606066465377808"
"562","0.1128719300031662"
"563","0.10989884287118912"
"564","0.1324276626110077"
"565","0.11102399975061417"
"566","0.11159808933734894"
"567","0.09673091024160385"
"568","0.0962066501379013"
"569","0.10943492501974106"
"570","0.11406794935464859"
"571","0.09108566492795944"
"572","0.12044873088598251"
"573","0.10714026540517807"
"574","0.10024049133062363"
"575","0.10514284670352936"
"576","0.11565183103084564"
"577","0.08365339040756226"
"578","0.10199163854122162"
"579","0.11148210614919662"
"580","0.09561124444007874"
"581","0.11157180368900299"
"582","0.1093716099858284"
"583","0.0998072549700737"
"584","0.11159132421016693"
"585","0.10963596403598785"
"586","0.10692852735519409"
"587","0.10717469453811646"
"588","0.12455008924007416"
"589","0.08659908175468445"
"590","0.12247345596551895"
"591","0.1132345050573349"
"592","0.09685220569372177"
"593","0.09108424931764603"
"594","0.1017884910106659"
"595","0.0892590656876564"
"596","0.10307002812623978"
"597","0.12388952076435089"
"598","0.11147931218147278"
"599","0.09958181530237198"
"600","0.09626683592796326"
"601","0.11257938295602798"
"602","0.10688187181949615"
"603","0.10405517369508743"
"604","0.09388412535190582"
"605","0.09805940836668015"
"606","0.10216036438941956"
"607","0.11486537009477615"
"608","0.09420783817768097"
"609","0.10577771067619324"
"610","0.09754715114831924"
"611","0.10763417184352875"
"612","0.09399028867483139"
"613","0.11312374472618103"
"614","0.11544550210237503"
"615","0.10776861011981964"
"616","0.08827225863933563"
"617","0.0884627252817154"
"618","0.0828399732708931"
"619","0.09842853248119354"
"620","0.10514967888593674"
"621","0.09952740371227264"
"622","0.1063542291522026"
"623","0.12346255034208298"
"624","0.09507641941308975"
"625","0.09856149554252625"
"626","0.12188124656677246"
"627","0.09253954887390137"
"628","0.09640035778284073"
"629","0.07909548282623291"
"630","0.09056925028562546"
"631","0.10839065164327621"
"632","0.09563892334699631"
"633","0.090495765209198"
"634","0.09502969682216644"
"635","0.11092334985733032"
"636","0.10978338867425919"
"637","0.08952926844358444"
"638","0.09982436895370483"
"639","0.08256222307682037"
"640","0.06466498970985413"
"641","0.09562762081623077"
"642","0.09873803704977036"
"643","0.10233500599861145"
"644","0.08325067162513733"
"645","0.08515363931655884"
"646","0.08501096814870834"
"647","0.08689235895872116"
"648","0.10086116194725037"
"649","0.09432902932167053"
"650","0.08233994245529175"
"651","0.08893655985593796"
"652","0.08813971281051636"
"653","0.09592615813016891"
"654","0.10007227957248688"
"655","0.09074258804321289"
"656","0.0997665598988533"
"657","0.09212499856948853"
"658","0.0951337069272995"
"659","0.08418077230453491"
"660","0.09753615409135818"
"661","0.0869828313589096"
"662","0.08446743339300156"
"663","0.08665579557418823"
"664","0.09589697420597076"
"665","0.08767081797122955"
"666","0.08793160319328308"
"667","0.10176900774240494"
"668","0.07603146135807037"
"669","0.08534134924411774"
"670","0.09202771633863449"
"671","0.08809856325387955"
"672","0.0914456695318222"
"673","0.08352231234312057"
"674","0.10545764863491058"
"675","0.09465445578098297"
"676","0.08610055595636368"
"677","0.07510511577129364"
"678","0.08352427929639816"
"679","0.0814797580242157"
"680","0.09781498461961746"
"681","0.08502024412155151"
"682","0.11163730919361115"
"683","0.08652171492576599"
"684","0.12493932992219925"
"685","0.08632312715053558"
"686","0.09858991950750351"
"687","0.08689634501934052"
"688","0.09378092736005783"
"689","0.08610933274030685"
"690","0.0823497325181961"
"691","0.10100007802248001"
"692","0.07703454047441483"
"693","0.08431360125541687"
"694","0.0894613042473793"
"695","0.08826989680528641"
"696","0.0980454608798027"
"697","0.10231835395097733"
"698","0.08257714658975601"
"699","0.09200047701597214"
"700","0.09112194925546646"
"701","0.0808270052075386"
"702","0.08284492045640945"
"703","0.08778362721204758"
"704","0.0867794081568718"
"705","0.08742181956768036"
"706","0.08200613409280777"
"707","0.08313638716936111"
"708","0.08838047832250595"
"709","0.07999281585216522"
"710","0.08221796900033951"
"711","0.08001397550106049"
"712","0.09008979052305222"
"713","0.09157035499811172"
"714","0.07717513293027878"
"715","0.09492826461791992"
"716","0.09763603657484055"
"717","0.08168211579322815"
"718","0.07634524255990982"
"719","0.08154424279928207"
"720","0.0852917805314064"
"721","0.09761495143175125"
"722","0.09230638295412064"
"723","0.07615704834461212"
"724","0.10544333606958389"
"725","0.07050509005784988"
"726","0.08274774253368378"
"727","0.08138097077608109"
"728","0.09634386003017426"
"729","0.10529384762048721"
"730","0.0880599245429039"
"731","0.08566169440746307"
"732","0.09581173211336136"
"733","0.0851278230547905"
"734","0.08108043670654297"
"735","0.08659810572862625"
"736","0.10263646394014359"
"737","0.07488341629505157"
"738","0.0954112783074379"
"739","0.07961413264274597"
"740","0.08144590258598328"
"741","0.09721606224775314"
"742","0.08342587202787399"
"743","0.08069593459367752"
"744","0.07757209241390228"
"745","0.09445162862539291"
"746","0.0987633615732193"
"747","0.08133118599653244"
"748","0.0810297355055809"
"749","0.07689747959375381"
"750","0.07781568169593811"
"751","0.07406121492385864"
"752","0.08764801919460297"
"753","0.08153606206178665"
"754","0.08539924025535583"
"755","0.08981303125619888"
"756","0.07191266119480133"
"757","0.0826563686132431"
"758","0.08491654694080353"
"759","0.0765753984451294"
"760","0.07757485657930374"
"761","0.08444004505872726"
"762","0.08151976764202118"
"763","0.08390766382217407"
"764","0.08577939122915268"
"765","0.06591030955314636"
"766","0.07950163632631302"
"767","0.07866735756397247"
"768","0.08673427253961563"
"769","0.07668669521808624"
"770","0.07445362955331802"
"771","0.07900075614452362"
"772","0.07436596602201462"
"773","0.06667077541351318"
"774","0.07015339285135269"
"775","0.06496050953865051"
"776","0.07753843814134598"
"777","0.07021253556013107"
"778","0.07349883019924164"
"779","0.08655871450901031"
"780","0.06724919378757477"
"781","0.07016004621982574"
"782","0.08318383246660233"
"783","0.08778434991836548"
"784","0.08755189180374146"
"785","0.0813785120844841"
"786","0.07931055873632431"
"787","0.07455278187990189"
"788","0.076118104159832"
"789","0.07335364073514938"
"790","0.08006198704242706"
"791","0.07373373955488205"
"792","0.07836596667766571"
"793","0.07307083159685135"
"794","0.07479171454906464"
"795","0.07625305652618408"
"796","0.08448497951030731"
"797","0.08089478313922882"
"798","0.05765033885836601"
"799","0.07738444954156876"
"800","0.06456907093524933"
"801","0.0900016725063324"
"802","0.06331345438957214"
"803","0.07931643724441528"
"804","0.07178473472595215"
"805","0.0799049586057663"
"806","0.06403972953557968"
"807","0.08525170385837555"
"808","0.07188200205564499"
"809","0.08721061050891876"
"810","0.07528829574584961"
"811","0.07178614288568497"
"812","0.08948074281215668"
"813","0.07287659496068954"
"814","0.09264828264713287"
"815","0.0831073671579361"
"816","0.07852239161729813"
"817","0.05652007833123207"
"818","0.0739998072385788"
"819","0.07956493645906448"
"820","0.07396955043077469"
"821","0.07851149141788483"
"822","0.09012670814990997"
"823","0.06638475507497787"
"824","0.07187230885028839"
"825","0.07806883752346039"
"826","0.07977329194545746"
"827","0.06158464401960373"
"828","0.06829903274774551"
"829","0.07753707468509674"
"830","0.07373302429914474"
"831","0.07486683130264282"
"832","0.07377224415540695"
"833","0.06945420801639557"
"834","0.07176241278648376"
"835","0.07471389323472977"
"836","0.06875021010637283"
"837","0.06885801255702972"
"838","0.07700039446353912"
"839","0.07377902418375015"
"840","0.0762532576918602"
"841","0.06892027705907822"
"842","0.084126316010952"
"843","0.07882356643676758"
"844","0.08001489192247391"
"845","0.06878027319908142"
"846","0.08001438528299332"
"847","0.08311925083398819"
"848","0.0707908645272255"
"849","0.0774821788072586"
"850","0.06038077548146248"
"851","0.06011063605546951"
"852","0.07766584306955338"
"853","0.06327983736991882"
"854","0.07929439842700958"
"855","0.06887989491224289"
"856","0.06808079779148102"
"857","0.06258118897676468"
"858","0.07540475577116013"
"859","0.0747813880443573"
"860","0.07629646360874176"
"861","0.07532162964344025"
"862","0.06741348654031754"
"863","0.06904612481594086"
"864","0.0784200131893158"
"865","0.07211017608642578"
"866","0.06788851320743561"
"867","0.07106250524520874"
"868","0.06243574619293213"
"869","0.0721597671508789"
"870","0.07240631431341171"
"871","0.07048480212688446"
"872","0.07826288044452667"
"873","0.06850812584161758"
"874","0.07870298624038696"
"875","0.07065854221582413"
"876","0.06689978390932083"
"877","0.07771126180887222"
"878","0.07187891006469727"
"879","0.06616532057523727"
"880","0.06551672518253326"
"881","0.0735127329826355"
"882","0.0661158561706543"
"883","0.0627020001411438"
"884","0.06824325770139694"
"885","0.07066921144723892"
"886","0.06630570441484451"
"887","0.06364920735359192"
"888","0.06520912796258926"
"889","0.08060149848461151"
"890","0.06070075184106827"
"891","0.06948677450418472"
"892","0.0834878534078598"
"893","0.06466472148895264"
"894","0.066191665828228"
"895","0.06983748078346252"
"896","0.06053129956126213"
"897","0.07422007620334625"
"898","0.0704462081193924"
"899","0.07001687586307526"
"900","0.07433486729860306"
"901","0.062049102038145065"
"902","0.06854099780321121"
"903","0.08295150101184845"
"904","0.06171882525086403"
"905","0.07838466763496399"
"906","0.07157938182353973"
"907","0.06467898190021515"
"908","0.06694143265485764"
"909","0.07520557940006256"
"910","0.07702133059501648"
"911","0.05761732906103134"
"912","0.06396005302667618"
"913","0.06542466580867767"
"914","0.05993838608264923"
"915","0.06667368113994598"
"916","0.06689252704381943"
"917","0.07420632243156433"
"918","0.08316723257303238"
"919","0.07492831349372864"
"920","0.07085287570953369"
"921","0.0620909258723259"
"922","0.053783684968948364"
"923","0.059731099754571915"
"924","0.06085452437400818"
"925","0.06296638399362564"
"926","0.07395163923501968"
"927","0.06040384620428085"
"928","0.06774289906024933"
"929","0.0761820524930954"
"930","0.06755096465349197"
"931","0.06677045673131943"
"932","0.05977021902799606"
"933","0.06371123343706131"
"934","0.06362135708332062"
"935","0.06026188284158707"
"936","0.060994990170001984"
"937","0.06851579993963242"
"938","0.07263011485338211"
"939","0.06166788935661316"
"940","0.06180604174733162"
"941","0.058954767882823944"
"942","0.06892581284046173"
"943","0.058759257197380066"
"944","0.06481736153364182"
"945","0.07562526315450668"
"946","0.06379563361406326"
"947","0.06579456478357315"
"948","0.07696836441755295"
"949","0.06812500953674316"
"950","0.058289412409067154"
"951","0.06846688687801361"
"952","0.07230367511510849"
"953","0.0654795691370964"
"954","0.05584952235221863"
"955","0.06278019398450851"
"956","0.0777520090341568"
"957","0.06289045512676239"
"958","0.061048492789268494"
"959","0.0614890456199646"
"960","0.05547231063246727"
"961","0.059676993638277054"
"962","0.05968243256211281"
"963","0.08442607522010803"
"964","0.06844035536050797"
"965","0.05598459765315056"
"966","0.05757623538374901"
"967","0.05724821612238884"
"968","0.051749713718891144"
"969","0.06399547308683395"
"970","0.06393707543611526"
"971","0.06099489703774452"
"972","0.05904392525553703"
"973","0.058093346655368805"
"974","0.06549528986215591"
"975","0.07266193628311157"
"976","0.06853395700454712"
"977","0.06811530888080597"
"978","0.05592621490359306"
"979","0.07470562309026718"
"980","0.06515903770923615"
"981","0.05755137279629707"
"982","0.07709664851427078"
"983","0.0685163140296936"
"984","0.0604061521589756"
"985","0.06141447275876999"
"986","0.051049310714006424"
"987","0.06835582107305527"
"988","0.07034516334533691"
"989","0.06983062624931335"
"990","0.05288361385464668"
"991","0.06607623398303986"
"992","0.06348025053739548"
"993","0.05865960940718651"
"994","0.06497152894735336"
"995","0.06706032156944275"
"996","0.05758634954690933"
"997","0.06051039695739746"
"998","0.0622529573738575"
"999","0.062348078936338425"
"1000","0.057446662336587906"
"1001","0.06851939111948013"
"1002","0.0605752095580101"
"1003","0.061373401433229446"
"1004","0.05738576874136925"
"1005","0.05581904575228691"
"1006","0.05639629811048508"
"1007","0.06581074744462967"
"1008","0.06176736205816269"
"1009","0.06112387031316757"
"1010","0.06369978189468384"
"1011","0.06152024865150452"
"1012","0.05811779573559761"
"1013","0.05546353757381439"
"1014","0.06110536307096481"
"1015","0.053355760872364044"
"1016","0.055018145591020584"
"1017","0.06010808050632477"
"1018","0.058115843683481216"
"1019","0.06943310052156448"
"1020","0.06686892360448837"
"1021","0.05321240425109863"
"1022","0.051817636936903"
"1023","0.05517352372407913"
"1024","0.05992288142442703"
"1025","0.05698017776012421"
"1026","0.05976513400673866"
"1027","0.049779992550611496"
"1028","0.06370335072278976"
"1029","0.06083916127681732"
"1030","0.05101930350065231"
"1031","0.046832457184791565"
"1032","0.06439915299415588"
"1033","0.06265222281217575"
"1034","0.05067351460456848"
"1035","0.059180404990911484"
"1036","0.061185482889413834"
"1037","0.05680473521351814"
"1038","0.054468344897031784"
"1039","0.05144244059920311"
"1040","0.05785658210515976"
"1041","0.066914863884449"
"1042","0.05768529325723648"
"1043","0.06799784302711487"
"1044","0.05898652598261833"
"1045","0.05946940928697586"
"1046","0.05569237843155861"
"1047","0.06025123968720436"
"1048","0.05401916056871414"
"1049","0.06558915972709656"
"1050","0.05145590752363205"
"1051","0.051976099610328674"
"1052","0.06839199364185333"
"1053","0.05857551842927933"
"1054","0.05728810653090477"
"1055","0.05651991814374924"
"1056","0.07403624057769775"
"1057","0.060002654790878296"
"1058","0.057278383523225784"
"1059","0.06168565899133682"
"1060","0.04767432436347008"
"1061","0.058474138379096985"
"1062","0.06240285187959671"
"1063","0.057848650962114334"
"1064","0.058445557951927185"
"1065","0.052148912101984024"
"1066","0.05528690665960312"
"1067","0.05346396937966347"
"1068","0.05546783283352852"
"1069","0.05839307978749275"
"1070","0.05400436744093895"
"1071","0.062499064952135086"
"1072","0.05645119026303291"
"1073","0.05833344906568527"
"1074","0.059579793363809586"
"1075","0.05671180039644241"
"1076","0.06571341305971146"
"1077","0.053992971777915955"
"1078","0.06650863587856293"
"1079","0.06372901797294617"
"1080","0.05375167354941368"
"1081","0.06661907583475113"
"1082","0.05646156147122383"
"1083","0.04683119058609009"
"1084","0.05696447938680649"
"1085","0.05201774463057518"
"1086","0.047172367572784424"
"1087","0.05135232210159302"
"1088","0.07062281668186188"
"1089","0.05459624528884888"
"1090","0.05915858969092369"
"1091","0.05766959860920906"
"1092","0.0526442676782608"
"1093","0.05053165927529335"
"1094","0.05345531925559044"
"1095","0.054199520498514175"
"1096","0.05775018781423569"
"1097","0.05523616075515747"
"1098","0.0531134270131588"
"1099","0.05512155219912529"
"1100","0.05507529899477959"
"1101","0.055045463144779205"
"1102","0.05940203741192818"
"1103","0.0496329739689827"
"1104","0.06172247976064682"
"1105","0.0434076301753521"
"1106","0.051893193274736404"
"1107","0.055802639573812485"
"1108","0.05605228245258331"
"1109","0.0579497292637825"
"1110","0.058037228882312775"
"1111","0.043759554624557495"
"1112","0.05663369596004486"
"1113","0.060876715928316116"
"1114","0.05386172607541084"
"1115","0.061880532652139664"
"1116","0.05361629277467728"
"1117","0.05428582802414894"
"1118","0.04566048085689545"
"1119","0.059702154248952866"
"1120","0.052591972053050995"
"1121","0.05608607083559036"
"1122","0.0591670423746109"
"1123","0.054445233196020126"
"1124","0.05014532059431076"
"1125","0.04906676709651947"
"1126","0.039594247937202454"
"1127","0.053042180836200714"
"1128","0.05645223334431648"
"1129","0.0538511723279953"
"1130","0.05700502544641495"
"1131","0.05234988033771515"
"1132","0.05012720823287964"
"1133","0.05565769597887993"
"1134","0.06435353308916092"
"1135","0.051533013582229614"
"1136","0.05785926803946495"
"1137","0.056428685784339905"
"1138","0.04930021986365318"
"1139","0.05217684805393219"
"1140","0.04448210075497627"
"1141","0.05706339702010155"
"1142","0.04600851610302925"
"1143","0.05588445067405701"
"1144","0.047054190188646317"
"1145","0.05588064342737198"
"1146","0.04271234944462776"
"1147","0.04686367139220238"
"1148","0.05375128239393234"
"1149","0.05369126796722412"
"1150","0.05441873148083687"
"1151","0.045701541006565094"
"1152","0.04713989421725273"
"1153","0.053653962910175323"
"1154","0.05430111661553383"
"1155","0.05410192906856537"
"1156","0.058282751590013504"
"1157","0.0660756304860115"
"1158","0.05496285483241081"
"1159","0.05302787944674492"
"1160","0.05633268132805824"
"1161","0.06120869889855385"
"1162","0.051373496651649475"
"1163","0.05243481695652008"
"1164","0.05269015580415726"
"1165","0.056264545768499374"
"1166","0.04773745685815811"
"1167","0.05111858248710632"
"1168","0.05494489520788193"
"1169","0.05224069580435753"
"1170","0.05727508291602135"
"1171","0.05328623205423355"
"1172","0.05182856693863869"
"1173","0.056804198771715164"
"1174","0.06162133812904358"
"1175","0.04361235350370407"
"1176","0.05691356584429741"
"1177","0.05042489245533943"
"1178","0.055542975664138794"
"1179","0.05456453561782837"
"1180","0.05076462775468826"
"1181","0.04764556884765625"
"1182","0.049676552414894104"
"1183","0.051150910556316376"
"1184","0.05830005556344986"
"1185","0.05735061690211296"
"1186","0.04458622261881828"
"1187","0.04571226239204407"
"1188","0.05605810508131981"
"1189","0.048194821923971176"
"1190","0.04096205532550812"
"1191","0.05316208675503731"
"1192","0.0532638318836689"
"1193","0.05528126284480095"
"1194","0.059856805950403214"
"1195","0.05385725572705269"
"1196","0.04733188450336456"
"1197","0.04465014860033989"
"1198","0.0556102953851223"
"1199","0.046265676617622375"
"1200","0.053279388695955276"
"1201","0.05451412498950958"
"1202","0.046101637184619904"
"1203","0.052910566329956055"
"1204","0.05068263038992882"
"1205","0.061778392642736435"
"1206","0.050275374203920364"
"1207","0.04572033882141113"
"1208","0.0508611723780632"
"1209","0.04844125732779503"
"1210","0.05184728279709816"
"1211","0.05882437154650688"
"1212","0.040884632617235184"
"1213","0.04780661314725876"
"1214","0.04980560019612312"
"1215","0.06276571750640869"
"1216","0.046330489218235016"
"1217","0.05807287618517876"
"1218","0.04896388202905655"
"1219","0.0466725192964077"
"1220","0.05204858258366585"
"1221","0.05078662931919098"
"1222","0.047838788479566574"
"1223","0.051677778363227844"
"1224","0.04722941666841507"
"1225","0.04473981261253357"
"1226","0.051535654813051224"
"1227","0.06376510113477707"
"1228","0.04911810904741287"
"1229","0.06644485890865326"
"1230","0.049909185618162155"
"1231","0.04724813252687454"
"1232","0.055477939546108246"
"1233","0.04167572408914566"
"1234","0.05130283907055855"
"1235","0.03923959285020828"
"1236","0.057547252625226974"
"1237","0.04895883798599243"
"1238","0.05448250472545624"
"1239","0.05549872666597366"
"1240","0.036354463547468185"
"1241","0.051628947257995605"
"1242","0.05687897279858589"
"1243","0.04955054447054863"
"1244","0.053369566798210144"
"1245","0.046155378222465515"
"1246","0.04658907651901245"
"1247","0.04470565542578697"
"1248","0.05325429141521454"
"1249","0.053235974162817"
"1250","0.05396160110831261"
"1251","0.049407463520765305"
"1252","0.043225325644016266"
"1253","0.04775555431842804"
"1254","0.053942564874887466"
"1255","0.04396061599254608"
"1256","0.03837438300251961"
"1257","0.056478992104530334"
"1258","0.05037949979305267"
"1259","0.04386041685938835"
"1260","0.0420060008764267"
"1261","0.05162901431322098"
"1262","0.05229167640209198"
"1263","0.04764162376523018"
"1264","0.04889334738254547"
"1265","0.06308180838823318"
"1266","0.046718500554561615"
"1267","0.04969560354948044"
"1268","0.052585799247026443"
"1269","0.05174696072936058"
"1270","0.0591597855091095"
"1271","0.052379053086042404"
"1272","0.04066048189997673"
"1273","0.04674820229411125"
"1274","0.04701205715537071"
"1275","0.05833406373858452"
"1276","0.0559011846780777"
"1277","0.04921671748161316"
"1278","0.041094593703746796"
"1279","0.05358557403087616"
"1280","0.0622311607003212"
"1281","0.05326886847615242"
"1282","0.03579696640372276"
"1283","0.04265376180410385"
"1284","0.04962768405675888"
"1285","0.052632033824920654"
"1286","0.04697207361459732"
"1287","0.04185330122709274"
"1288","0.04457007348537445"
"1289","0.05193592980504036"
"1290","0.03893919289112091"
"1291","0.04799368605017662"
"1292","0.049276288598775864"
"1293","0.031694792211055756"
"1294","0.04614308476448059"
"1295","0.041805822402238846"
"1296","0.04583672061562538"
"1297","0.04216549172997475"
"1298","0.046761807054281235"
"1299","0.04615918546915054"
"1300","0.04446936771273613"
"1301","0.03999994322657585"
"1302","0.044062599539756775"
"1303","0.04376054182648659"
"1304","0.051369618624448776"
"1305","0.04985281825065613"
"1306","0.04244193807244301"
"1307","0.055476460605859756"
"1308","0.041993822902441025"
"1309","0.050267543643713"
"1310","0.04516860097646713"
"1311","0.04909685254096985"
"1312","0.05141818895936012"
"1313","0.037155892699956894"
"1314","0.044906143099069595"
"1315","0.04004504531621933"
"1316","0.06338857859373093"
"1317","0.048817865550518036"
"1318","0.044736217707395554"
"1319","0.04701516032218933"
"1320","0.04482198879122734"
"1321","0.042008139193058014"
"1322","0.053414441645145416"
"1323","0.04823007807135582"
"1324","0.03978816419839859"
"1325","0.045324187725782394"
"1326","0.04140342026948929"
"1327","0.04576737433671951"
"1328","0.048550840467214584"
"1329","0.050545770674943924"
"1330","0.04530135169625282"
"1331","0.05449993908405304"
"1332","0.038776617497205734"
"1333","0.04275580123066902"
"1334","0.04119725525379181"
"1335","0.045835841447114944"
"1336","0.05263077840209007"
"1337","0.04207024350762367"
"1338","0.03950370103120804"
"1339","0.04358728229999542"
"1340","0.05138762667775154"
"1341","0.04821084812283516"
"1342","0.05039438605308533"
"1343","0.04589981958270073"
"1344","0.04183616116642952"
"1345","0.04503817483782768"
"1346","0.04425322636961937"
"1347","0.046619962900877"
"1348","0.04185505956411362"
"1349","0.04901454970240593"
"1350","0.04810239374637604"
"1351","0.05272974818944931"
"1352","0.0474136620759964"
"1353","0.04397065192461014"
"1354","0.05101727694272995"
"1355","0.03711796924471855"
"1356","0.05209094658493996"
"1357","0.04279256984591484"
"1358","0.04022788256406784"
"1359","0.049351584166288376"
"1360","0.040101878345012665"
"1361","0.041100166738033295"
"1362","0.04957782104611397"
"1363","0.04906715080142021"
"1364","0.050711918622255325"
"1365","0.037820447236299515"
"1366","0.04349994659423828"
"1367","0.04714673385024071"
"1368","0.03721114248037338"
"1369","0.04438672959804535"
"1370","0.04280693084001541"
"1371","0.04161946102976799"
"1372","0.04345375671982765"
"1373","0.043700724840164185"
"1374","0.04524475336074829"
"1375","0.04472487419843674"
"1376","0.045767150819301605"
"1377","0.04406440630555153"
"1378","0.04712127894163132"
"1379","0.04890487343072891"
"1380","0.04334563389420509"
"1381","0.04654283821582794"
"1382","0.04482511803507805"
"1383","0.04167666286230087"
"1384","0.03791476786136627"
"1385","0.04116339236497879"
"1386","0.04382322356104851"
"1387","0.04646169766783714"
"1388","0.05042656138539314"
"1389","0.050776407122612"
"1390","0.0379842072725296"
"1391","0.047071728855371475"
"1392","0.03006378561258316"
"1393","0.040709447115659714"
"1394","0.03816352039575577"
"1395","0.047914326190948486"
"1396","0.037888120859861374"
"1397","0.039640095084905624"
"1398","0.04084969684481621"
"1399","0.050911642611026764"
"1400","0.04197654873132706"
"1401","0.03806601092219353"
"1402","0.04099952057003975"
"1403","0.04685613140463829"
"1404","0.048990245908498764"
"1405","0.046640776097774506"
"1406","0.043858349323272705"
"1407","0.04372163489460945"
"1408","0.04467185586690903"
"1409","0.03845382481813431"
"1410","0.04733884707093239"
"1411","0.04743308201432228"
"1412","0.045904744416475296"
"1413","0.043522000312805176"
"1414","0.047458745539188385"
"1415","0.04596179723739624"
"1416","0.03596152737736702"
"1417","0.04667987674474716"
"1418","0.0375196598470211"
"1419","0.04420324042439461"
"1420","0.04805351048707962"
"1421","0.04327387362718582"
"1422","0.035146329551935196"
"1423","0.04402853175997734"
"1424","0.049018651247024536"
"1425","0.04712480679154396"
"1426","0.04715033620595932"
"1427","0.04047831520438194"
"1428","0.04051476716995239"
"1429","0.04746364802122116"
"1430","0.04104449227452278"
"1431","0.03785337880253792"
"1432","0.04389481246471405"
"1433","0.04531753808259964"
"1434","0.03766985237598419"
"1435","0.038869068026542664"
"1436","0.04495524615049362"
"1437","0.04077628254890442"
"1438","0.04581184685230255"
"1439","0.05167213827371597"
"1440","0.04875105246901512"
"1441","0.04898431897163391"
"1442","0.04569211229681969"
"1443","0.04534251242876053"
"1444","0.038709208369255066"
"1445","0.03944080322980881"
"1446","0.04479319974780083"
"1447","0.03787723183631897"
"1448","0.043527524918317795"
"1449","0.0481395423412323"
"1450","0.04652479663491249"
"1451","0.04402917996048927"
"1452","0.04031657055020332"
"1453","0.04472997412085533"
"1454","0.04242726042866707"
"1455","0.0376008003950119"
"1456","0.0385146290063858"
"1457","0.04199434071779251"
"1458","0.047044504433870316"
"1459","0.04095475375652313"
"1460","0.03915650025010109"
"1461","0.03642277792096138"
"1462","0.04467686638236046"
"1463","0.03977172076702118"
"1464","0.045366864651441574"
"1465","0.043443914502859116"
"1466","0.041066668927669525"
"1467","0.040898699313402176"
"1468","0.043994706124067307"
"1469","0.037972114980220795"
"1470","0.04616172984242439"
"1471","0.035555336624383926"
"1472","0.03853056579828262"
"1473","0.04599853977560997"
"1474","0.0376836359500885"
"1475","0.041102852672338486"
"1476","0.043678127229213715"
"1477","0.03667391464114189"
"1478","0.04168713837862015"
"1479","0.037661612033843994"
"1480","0.04620051383972168"
"1481","0.03594069182872772"
"1482","0.041058383882045746"
"1483","0.04329434409737587"
"1484","0.043490756303071976"
"1485","0.03684119135141373"
"1486","0.0419970341026783"
"1487","0.0380045548081398"
"1488","0.0455363392829895"
"1489","0.027622170746326447"
"1490","0.03415539488196373"
"1491","0.04491408169269562"
"1492","0.04190630465745926"
"1493","0.0414106547832489"
"1494","0.043520502746105194"
"1495","0.041673630475997925"
"1496","0.042311687022447586"
"1497","0.04946526512503624"
"1498","0.03506888821721077"
"1499","0.03439070284366608"
"1500","0.04489923268556595"
"1501","0.042708203196525574"
"1502","0.03394332900643349"
"1503","0.033844955265522"
"1504","0.041683293879032135"
"1505","0.04062221944332123"
"1506","0.03692742809653282"
"1507","0.03376469388604164"
"1508","0.03548228740692139"
"1509","0.03699401766061783"
"1510","0.04020322486758232"
"1511","0.04213464632630348"
"1512","0.033193040639162064"
"1513","0.037587884813547134"
"1514","0.036799538880586624"
"1515","0.03110455721616745"
"1516","0.03876936808228493"
"1517","0.03764527663588524"
"1518","0.040564198046922684"
"1519","0.039753757417201996"
"1520","0.03706412762403488"
"1521","0.04398699104785919"
"1522","0.037320420145988464"
"1523","0.03926069661974907"
"1524","0.042890504002571106"
"1525","0.04031455144286156"
"1526","0.04123188555240631"
"1527","0.04908258840441704"
"1528","0.04412401467561722"
"1529","0.036419160664081573"
"1530","0.04039284586906433"
"1531","0.04776643216609955"
"1532","0.04197606071829796"
"1533","0.03514504060149193"
"1534","0.03466685116291046"
"1535","0.04529091343283653"
"1536","0.04211104288697243"
"1537","0.042868535965681076"
"1538","0.03766831383109093"
"1539","0.04665385186672211"
"1540","0.03317118436098099"
"1541","0.0418538823723793"
"1542","0.04528379067778587"
"1543","0.035635825246572495"
"1544","0.038833241909742355"
"1545","0.03239370509982109"
"1546","0.040753286331892014"
"1547","0.0450860820710659"
"1548","0.04017358273267746"
"1549","0.03807220980525017"
"1550","0.041787054389715195"
"1551","0.03844733163714409"
"1552","0.03246770054101944"
"1553","0.0474899485707283"
"1554","0.044026318937540054"
"1555","0.04213042929768562"
"1556","0.03497268259525299"
"1557","0.03526735305786133"
"1558","0.039506856352090836"
"1559","0.054185863584280014"
"1560","0.03890341892838478"
"1561","0.0378323532640934"
"1562","0.041071876883506775"
"1563","0.0407726988196373"
"1564","0.0378212034702301"
"1565","0.0433170385658741"
"1566","0.03315611183643341"
"1567","0.047957420349121094"
"1568","0.03896100074052811"
"1569","0.046121954917907715"
"1570","0.04198393225669861"
"1571","0.03455314412713051"
"1572","0.033948495984077454"
"1573","0.04203846678137779"
"1574","0.03983107581734657"
"1575","0.03776489943265915"
"1576","0.044688690453767776"
"1577","0.04021104425191879"
"1578","0.03897390514612198"
"1579","0.040590379387140274"
"1580","0.041038401424884796"
"1581","0.04046051576733589"
"1582","0.036183979362249374"
"1583","0.0460931770503521"
"1584","0.038844432681798935"
"1585","0.036304909735918045"
"1586","0.030330313369631767"
"1587","0.03708072379231453"
"1588","0.04312126711010933"
"1589","0.043359916657209396"
"1590","0.04247799888253212"
"1591","0.03781752660870552"
"1592","0.042781490832567215"
"1593","0.03964860364794731"
"1594","0.0366051010787487"
"1595","0.03203612193465233"
"1596","0.035389501601457596"
"1597","0.042563412338495255"
"1598","0.03559553623199463"
"1599","0.03688037768006325"
"1600","0.03911590203642845"
"1601","0.03878338262438774"
"1602","0.0336533859372139"
"1603","0.03523855656385422"
"1604","0.040583930909633636"
"1605","0.03927154466509819"
"1606","0.03948069363832474"
"1607","0.03606993705034256"
"1608","0.03497573360800743"
"1609","0.03754089027643204"
"1610","0.03783451020717621"
"1611","0.03279780223965645"
"1612","0.033806655555963516"
"1613","0.034789711236953735"
"1614","0.0388086698949337"
"1615","0.039481714367866516"
"1616","0.04125690832734108"
"1617","0.02971034310758114"
"1618","0.034829650074243546"
"1619","0.03465409204363823"
"1620","0.04251731559634209"
"1621","0.03736468777060509"
"1622","0.0310688316822052"
"1623","0.034245796501636505"
"1624","0.03488248959183693"
"1625","0.03903553634881973"
"1626","0.03792862221598625"
"1627","0.03212609142065048"
"1628","0.04125502333045006"
"1629","0.03684530034661293"
"1630","0.032076116651296616"
"1631","0.03466107323765755"
"1632","0.039767637848854065"
"1633","0.038322556763887405"
"1634","0.03407779335975647"
"1635","0.03503051772713661"
"1636","0.039496127516031265"
"1637","0.03104964829981327"
"1638","0.036138102412223816"
"1639","0.03901390731334686"
"1640","0.03212755545973778"
"1641","0.03875649347901344"
"1642","0.03710027411580086"
"1643","0.039644185453653336"
"1644","0.03924626484513283"
"1645","0.04294625669717789"
"1646","0.037268415093421936"
"1647","0.03945550695061684"
"1648","0.035166967660188675"
"1649","0.04161684960126877"
"1650","0.03677695617079735"
"1651","0.0378514789044857"
"1652","0.036908406764268875"
"1653","0.025767354294657707"
"1654","0.028783679008483887"
"1655","0.04096522554755211"
"1656","0.046688735485076904"
"1657","0.031078487634658813"
"1658","0.030948473140597343"
"1659","0.04340105503797531"
"1660","0.029933858662843704"
"1661","0.03611331433057785"
"1662","0.044706352055072784"
"1663","0.040588196367025375"
"1664","0.026917051523923874"
"1665","0.03450402989983559"
"1666","0.03600325062870979"
"1667","0.03662194684147835"
"1668","0.041780874133110046"
"1669","0.037270687520504"
"1670","0.03759482502937317"
"1671","0.03901699185371399"
"1672","0.04040209576487541"
"1673","0.03952683508396149"
"1674","0.04010069742798805"
"1675","0.03182990103960037"
"1676","0.044026508927345276"
"1677","0.030655356124043465"
"1678","0.0408463291823864"
"1679","0.0420357882976532"
"1680","0.04305621236562729"
"1681","0.032184042036533356"
"1682","0.04158812016248703"
"1683","0.04000544548034668"
"1684","0.03773130103945732"
"1685","0.03457804396748543"
"1686","0.039837900549173355"
"1687","0.042771611362695694"
"1688","0.04267389699816704"
"1689","0.035419005900621414"
"1690","0.03395772725343704"
"1691","0.03333606943488121"
"1692","0.033975277096033096"
"1693","0.03731727972626686"
"1694","0.03531588986515999"
"1695","0.041812993586063385"
"1696","0.03996196389198303"
"1697","0.033778559416532516"
"1698","0.03837413713335991"
"1699","0.03974424675107002"
"1700","0.03081001713871956"
"1701","0.03392691910266876"
"1702","0.03338168188929558"
"1703","0.034901585429906845"
"1704","0.036232978105545044"
"1705","0.03398386761546135"
"1706","0.03655879572033882"
"1707","0.042304255068302155"
"1708","0.03613904118537903"
"1709","0.03304428607225418"
"1710","0.035404592752456665"
"1711","0.03221256285905838"
"1712","0.03344525396823883"
"1713","0.0441683828830719"
"1714","0.04528551176190376"
"1715","0.03794459253549576"
"1716","0.030040720477700233"
"1717","0.03848324716091156"
"1718","0.046390656381845474"
"1719","0.03347676992416382"
"1720","0.042111195623874664"
"1721","0.03663751482963562"
"1722","0.04181633144617081"
"1723","0.03684331476688385"
"1724","0.03550228849053383"
"1725","0.033953942358493805"
"1726","0.03658634051680565"
"1727","0.03824835643172264"
"1728","0.03697263449430466"
"1729","0.034806378185749054"
"1730","0.03182465583086014"
"1731","0.03268735110759735"
"1732","0.0386512316763401"
"1733","0.026994846761226654"
"1734","0.03587287664413452"
"1735","0.03166251629590988"
"1736","0.03841343894600868"
"1737","0.03914085403084755"
"1738","0.03516296669840813"
"1739","0.04061432555317879"
"1740","0.02880428172647953"
"1741","0.0382242277264595"
"1742","0.039051786065101624"
"1743","0.0386207140982151"
"1744","0.03131035342812538"
"1745","0.030602101236581802"
"1746","0.03196847811341286"
"1747","0.036733806133270264"
"1748","0.04030952975153923"
"1749","0.033352963626384735"
"1750","0.0319252647459507"
"1751","0.030727766454219818"
"1752","0.031282469630241394"
"1753","0.03474130481481552"
"1754","0.03709592670202255"
"1755","0.03582816198468208"
"1756","0.03595168516039848"
"1757","0.03792538493871689"
"1758","0.03069077432155609"
"1759","0.03282982483506203"
"1760","0.029033925384283066"
"1761","0.02933710813522339"
"1762","0.033973418176174164"
"1763","0.03275833651423454"
"1764","0.03599686920642853"
"1765","0.031497128307819366"
"1766","0.027265701442956924"
"1767","0.034599218517541885"
"1768","0.03624621778726578"
"1769","0.0291811041533947"
"1770","0.03771151602268219"
"1771","0.03995068371295929"
"1772","0.03312018886208534"
"1773","0.03587477281689644"
"1774","0.033372603356838226"
"1775","0.03211443871259689"
"1776","0.039971258491277695"
"1777","0.03128843754529953"
"1778","0.027864810079336166"
"1779","0.037499379366636276"
"1780","0.03946404531598091"
"1781","0.04094858095049858"
"1782","0.03357939049601555"
"1783","0.030659379437565804"
"1784","0.0328834243118763"
"1785","0.03511422500014305"
"1786","0.030869390815496445"
"1787","0.0366426482796669"
"1788","0.03184596821665764"
"1789","0.03790786489844322"
"1790","0.031634021550416946"
"1791","0.037895411252975464"
"1792","0.03031434491276741"
"1793","0.037455517798662186"
"1794","0.03560633957386017"
"1795","0.030749021098017693"
"1796","0.039176568388938904"
"1797","0.033981841057538986"
"1798","0.030762068927288055"
"1799","0.03525606542825699"
"1800","0.03267044574022293"
"1801","0.03310001268982887"
"1802","0.03261580318212509"
"1803","0.03229453042149544"
"1804","0.03568517044186592"
"1805","0.02894701063632965"
"1806","0.03229725360870361"
"1807","0.03746180236339569"
"1808","0.029142966493964195"
"1809","0.027460623532533646"
"1810","0.032236479222774506"
"1811","0.031142789870500565"
"1812","0.03995226323604584"
"1813","0.031261857599020004"
"1814","0.03513704612851143"
"1815","0.03647967055439949"
"1816","0.0321531780064106"
"1817","0.03158207982778549"
"1818","0.03044228069484234"
"1819","0.03523937612771988"
"1820","0.03133850172162056"
"1821","0.031473543494939804"
"1822","0.03518703579902649"
"1823","0.03590552508831024"
"1824","0.02981656603515148"
"1825","0.03439508005976677"
"1826","0.027507556602358818"
"1827","0.03169107437133789"
"1828","0.037463970482349396"
"1829","0.02807057648897171"
"1830","0.03106747195124626"
"1831","0.03262760490179062"
"1832","0.03532562404870987"
"1833","0.03668362647294998"
"1834","0.035649169236421585"
"1835","0.03196233510971069"
"1836","0.03455173596739769"
"1837","0.03357135131955147"
"1838","0.033025842159986496"
"1839","0.031690824776887894"
"1840","0.03714389353990555"
"1841","0.03233819454908371"
"1842","0.029185272753238678"
"1843","0.04257361218333244"
"1844","0.03349984437227249"
"1845","0.0340864360332489"
"1846","0.03260468691587448"
"1847","0.030242865905165672"
"1848","0.03153260797262192"
"1849","0.031636252999305725"
"1850","0.031093288213014603"
"1851","0.03395984694361687"
"1852","0.03648291528224945"
"1853","0.03462723270058632"
"1854","0.03486137092113495"
"1855","0.03152390941977501"
"1856","0.03751540556550026"
"1857","0.037560705095529556"
"1858","0.03421962633728981"
"1859","0.030566591769456863"
"1860","0.032967280596494675"
"1861","0.03690733760595322"
"1862","0.026847802102565765"
"1863","0.03245251253247261"
"1864","0.036191247403621674"
"1865","0.03036578744649887"
"1866","0.029119472950696945"
"1867","0.028091704472899437"
"1868","0.030234122648835182"
"1869","0.03841472789645195"
"1870","0.035673968493938446"
"1871","0.02846415340900421"
"1872","0.03235478699207306"
"1873","0.030443288385868073"
"1874","0.025794558227062225"
"1875","0.035074833780527115"
"1876","0.03472968563437462"
"1877","0.028565112501382828"
"1878","0.030773425474762917"
"1879","0.029543425887823105"
"1880","0.03512803092598915"
"1881","0.04203127324581146"
"1882","0.0356774665415287"
"1883","0.0312143936753273"
"1884","0.035395462065935135"
"1885","0.03020954318344593"
"1886","0.03115125186741352"
"1887","0.030274556949734688"
"1888","0.03352145105600357"
"1889","0.03298331797122955"
"1890","0.03341269493103027"
"1891","0.032988063991069794"
"1892","0.034995388239622116"
"1893","0.035488273948431015"
"1894","0.02857106737792492"
"1895","0.032758332788944244"
"1896","0.03808319941163063"
"1897","0.02964739128947258"
"1898","0.02814733050763607"
"1899","0.03033440187573433"
"1900","0.033626481890678406"
"1901","0.030757103115320206"
"1902","0.0305869672447443"
"1903","0.03724965080618858"
"1904","0.028887301683425903"
"1905","0.02611985243856907"
"1906","0.039118826389312744"
"1907","0.03244710713624954"
"1908","0.039001401513814926"
"1909","0.0315682627260685"
"1910","0.031093483790755272"
"1911","0.035366691648960114"
"1912","0.03814355656504631"
"1913","0.034816257655620575"
"1914","0.031397901475429535"
"1915","0.03233993425965309"
"1916","0.037788741290569305"
"1917","0.029325658455491066"
"1918","0.030948029831051826"
"1919","0.027576882392168045"
"1920","0.03344203904271126"
"1921","0.03746184706687927"
"1922","0.032245174050331116"
"1923","0.02926211804151535"
"1924","0.027901820838451385"
"1925","0.03644609451293945"
"1926","0.028876202180981636"
"1927","0.03274912014603615"
"1928","0.03017774410545826"
"1929","0.03522254899144173"
"1930","0.03129786252975464"
"1931","0.03339545428752899"
"1932","0.0367237851023674"
"1933","0.03358951583504677"
"1934","0.030885597690939903"
"1935","0.03741200268268585"
"1936","0.0320473276078701"
"1937","0.029856711626052856"
"1938","0.03245222195982933"
"1939","0.03374895825982094"
"1940","0.03173521161079407"
"1941","0.029354816302657127"
"1942","0.034558627754449844"
"1943","0.02950245514512062"
"1944","0.03195766359567642"
"1945","0.03347998484969139"
"1946","0.027274928987026215"
"1947","0.030673418194055557"
"1948","0.02982950396835804"
"1949","0.0369444265961647"
"1950","0.03514234721660614"
"1951","0.029595300555229187"
"1952","0.030844807624816895"
"1953","0.03349871188402176"
"1954","0.033771779388189316"
"1955","0.03316926583647728"
"1956","0.02666645683348179"
"1957","0.03392506018280983"
"1958","0.032164521515369415"
"1959","0.030095715075731277"
"1960","0.02939644642174244"
"1961","0.03547721728682518"
"1962","0.03070511482656002"
"1963","0.028923500329256058"
"1964","0.029954710975289345"
"1965","0.03324400633573532"
"1966","0.02709897980093956"
"1967","0.03093448467552662"
"1968","0.03169529512524605"
"1969","0.032097358256578445"
"1970","0.030837709084153175"
"1971","0.030733667314052582"
"1972","0.03058408945798874"
"1973","0.028766678646206856"
"1974","0.0327778086066246"
"1975","0.029821554198861122"
"1976","0.019976647570729256"
"1977","0.029666641727089882"
"1978","0.03132753446698189"
"1979","0.036263659596443176"
"1980","0.02760941907763481"
"1981","0.02653701975941658"
"1982","0.030871063470840454"
"1983","0.030717186629772186"
"1984","0.03471533954143524"
"1985","0.029250258579850197"
"1986","0.034240033477544785"
"1987","0.03369062766432762"
"1988","0.02775573916733265"
"1989","0.028308074921369553"
"1990","0.029438147321343422"
"1991","0.034111205488443375"
"1992","0.03749113529920578"
"1993","0.031531475484371185"
"1994","0.031950224190950394"
"1995","0.029950149357318878"
"1996","0.029955752193927765"
"1997","0.03108554147183895"
"1998","0.03448331728577614"
"1999","0.029935946688055992"
"2000","0.02912275120615959"
"2001","0.028026103973388672"
"2002","0.026758946478366852"
"2003","0.029240041971206665"
"2004","0.03528149798512459"
"2005","0.02732994593679905"
"2006","0.033188190311193466"
"2007","0.03611338511109352"
"2008","0.03107963502407074"
"2009","0.02811622805893421"
"2010","0.02840527333319187"
"2011","0.027841482311487198"
"2012","0.02862035669386387"
"2013","0.03277615085244179"
"2014","0.027236327528953552"
"2015","0.03258531168103218"
"2016","0.026130588725209236"
"2017","0.027812691405415535"
"2018","0.027187325060367584"
"2019","0.03409093990921974"
"2020","0.027504004538059235"
"2021","0.025552403181791306"
"2022","0.025804655626416206"
"2023","0.02790946699678898"
"2024","0.03190064802765846"
"2025","0.03413071110844612"
"2026","0.03900082781910896"
"2027","0.030055638402700424"
"2028","0.03300827741622925"
"2029","0.025534475222229958"
"2030","0.029128702357411385"
"2031","0.029190517961978912"
"2032","0.03615031763911247"
"2033","0.028140494599938393"
"2034","0.029501555487513542"
"2035","0.03154762461781502"
"2036","0.027316085994243622"
"2037","0.025938019156455994"
"2038","0.031636305153369904"
"2039","0.031090524047613144"
"2040","0.028225114569067955"
"2041","0.028235191479325294"
"2042","0.026513781398534775"
"2043","0.026321550831198692"
"2044","0.028229912742972374"
"2045","0.02962423861026764"
"2046","0.028415903449058533"
"2047","0.03612394630908966"
